"driver_id","name","start_location","start_time","vehicle_number","latitude","longitude"
"1","Ali Ahmed","DHA Phase 3","7:00 AM","LHR-1234","31.686631","74.483863"
"2","Kamran Khan","Bahria Town","8:00 AM","LHR-5678","31.625088","74.329548"
"3","Faisal Iqbal","Township","7:30 AM","LHR-9012","31.356227","74.312260"
"4","Usman Butt","Johar Town","7:45 AM","LHR-1111","31.653803","74.577378"
"5","Arslan Shah","Wapda Town","8:15 AM","LHR-2222","31.204560","74.477848"
"6","Bilal Hussain","Askari 11","7:15 AM","LHR-3333","31.565490","74.409230"
"7","Muhammad Umar","Eden Value Homes","8:30 AM","LHR-4444","31.358932","74.584924"
"8","Sajid Mahmood","DHA Phase 1","7:10 AM","LHR-5555","31.390253","74.225764"
"9","Asif Mehmood","Lahore Cantt","8:20 AM","LHR-6666","31.414235","74.596702"
"10","Rizwan Ali","Gulberg","7:50 AM","LHR-7777","31.528462","74.498235"